-- Reset all data before seeding
DELETE FROM cost;
DELETE FROM work_item;
DELETE FROM person_work_item_hours;
DELETE FROM person_epic_hours;
DELETE FROM person;
DELETE FROM epic_dependencies;
DELETE FROM epic_assignees;
DELETE FROM epic;
DELETE FROM sprint;
DELETE FROM project;
-- Insert projects
INSERT INTO project (id, name, description, created_at, updated_at) VALUES
(1, 'HR Automation System', 'System for managing recruitment and onboarding', CURRENT_TIMESTAMP, CURRENT_TIMESTAMP),
(2, 'E-commerce Optimization', 'Enhance user experience and logistics', CURRENT_TIMESTAMP, CURRENT_TIMESTAMP);

-- Insert sprints
INSERT INTO sprint (id, name, start_date, end_date, project_id) VALUES
(1, 'Sprint 1', '2025-05-21', '2025-06-03', 1),
(2, 'Sprint 2', '2025-06-04', '2025-06-17', 1),
(3, 'Sprint 3', '2025-06-18', '2025-07-01', 1),
(4, 'Sprint 4', '2025-07-02', '2025-07-15', 1),
(5, 'Sprint 5', '2025-07-16', '2025-07-29', 1),
(6, 'Sprint 6', '2025-07-30', '2025-08-12', 1),
(7, 'Sprint 7', '2025-08-13', '2025-08-26', 1),
(8, 'Sprint 1', '2025-05-21', '2025-06-03', 2),
(9, 'Sprint 2', '2025-06-04', '2025-06-17', 2),
(10, 'Sprint 3', '2025-06-18', '2025-07-01', 2),
(11, 'Sprint 4', '2025-07-02', '2025-07-15', 2),
(12, 'Sprint 5', '2025-07-16', '2025-07-29', 2),
(13, 'Sprint 6', '2025-07-30', '2025-08-12', 2),
(14, 'Sprint 7', '2025-08-13', '2025-08-26', 2);

-- Insert persons
INSERT INTO person (id, name, email, role) VALUES
(1, 'Person 1', 'person1@example.com', 'BA'),
(2, 'Person 2', 'person2@example.com', 'BA'),
(3, 'Person 3', 'person3@example.com', 'Developer'),
(4, 'Person 4', 'person4@example.com', 'Developer'),
(5, 'Person 5', 'person5@example.com', 'BA'),
(6, 'Person 6', 'person6@example.com', 'QA'),
(7, 'Person 7', 'person7@example.com', 'QA'),
(8, 'Person 8', 'person8@example.com', 'Tester'),
(9, 'Person 9', 'person9@example.com', 'BA'),
(10, 'Person 10', 'person10@example.com', 'PM'),
(11, 'Person 11', 'person11@example.com', 'UX'),
(12, 'Person 12', 'person12@example.com', 'Tester'),
(13, 'Person 13', 'person13@example.com', 'BA'),
(14, 'Person 14', 'person14@example.com', 'UX'),
(15, 'Person 15', 'person15@example.com', 'Tester'),
(16, 'Person 16', 'person16@example.com', 'Developer'),
(17, 'Person 17', 'person17@example.com', 'Developer'),
(18, 'Person 18', 'person18@example.com', 'Tester'),
(19, 'Person 19', 'person19@example.com', 'Developer'),
(20, 'Person 20', 'person20@example.com', 'UX');

-- Insert epics
INSERT INTO epic (id, title, description, start_date, end_date, status, project_id) VALUES
(1, 'Applicant Tracking', 'Applicant Tracking feature for project 1', '2025-05-21', '2025-06-30', 'READY_FOR_DEV', 1),
(2, 'Resume Parser', 'Resume Parser feature for project 1', '2025-05-21', '2025-06-28', 'SIT', 1),
(3, 'Interview Scheduler', 'Interview Scheduler feature for project 1', '2025-05-21', '2025-07-17', 'DONE', 1),
(4, 'Job Portal Integration', 'Job Portal Integration feature for project 1', '2025-05-21', '2025-06-27', 'IMPLEMENTING', 1),
(5, 'Employee Onboarding', 'Employee Onboarding feature for project 1', '2025-05-21', '2025-06-20', 'SIT', 1),
(6, 'Leave Management', 'Leave Management feature for project 1', '2025-05-21', '2025-06-08', 'READY_FOR_DEV', 1),
(7, 'Payroll Integration', 'Payroll Integration feature for project 1', '2025-05-21', '2025-06-21', 'DONE', 1),
(8, 'Performance Tracking', 'Performance Tracking feature for project 1', '2025-05-21', '2025-06-08', 'READY_FOR_DEV', 1),
(9, 'Training Module', 'Training Module feature for project 1', '2025-05-21', '2025-07-16', 'DONE', 1),
(10, 'Employee Directory', 'Employee Directory feature for project 1', '2025-05-21', '2025-07-20', 'SIT', 1),
(11, 'Access Management', 'Access Management feature for project 1', '2025-05-21', '2025-06-24', 'DONE', 1),
(12, 'Survey System', 'Survey System feature for project 1', '2025-05-21', '2025-06-28', 'DONE', 1),
(13, 'Internal Job Posting', 'Internal Job Posting feature for project 1', '2025-05-21', '2025-07-04', 'DONE', 1),
(14, 'Exit Process', 'Exit Process feature for project 1', '2025-05-21', '2025-07-01', 'IMPLEMENTING', 1),
(15, 'Referral Program', 'Referral Program feature for project 1', '2025-05-21', '2025-06-22', 'READY_FOR_DEV', 1),
(16, 'Homepage Redesign', 'Homepage Redesign feature for project 2', '2025-05-21', '2025-06-26', 'IMPLEMENTING', 2),
(17, 'Product Recommendation Engine', 'Product Recommendation Engine feature for project 2', '2025-05-21', '2025-07-05', 'SIT', 2),
(18, 'Cart Abandonment Recovery', 'Cart Abandonment Recovery feature for project 2', '2025-05-21', '2025-07-09', 'READY_FOR_DEV', 2),
(19, 'Mobile App Optimization', 'Mobile App Optimization feature for project 2', '2025-05-21', '2025-07-04', 'DONE', 2),
(20, 'SEO Enhancements', 'SEO Enhancements feature for project 2', '2025-05-21', '2025-07-07', 'READY_FOR_DEV', 2),
(21, 'User Review System', 'User Review System feature for project 2', '2025-05-21', '2025-06-14', 'DONE', 2),
(22, 'Inventory Auto-Restock', 'Inventory Auto-Restock feature for project 2', '2025-05-21', '2025-06-13', 'IMPLEMENTING', 2),
(23, 'Vendor Management', 'Vendor Management feature for project 2', '2025-05-21', '2025-07-09', 'SIT', 2),
(24, 'Logistics API', 'Logistics API feature for project 2', '2025-05-21', '2025-06-15', 'DONE', 2),
(25, 'Checkout UX', 'Checkout UX feature for project 2', '2025-05-21', '2025-07-10', 'DONE', 2),
(26, 'Wishlist Sharing', 'Wishlist Sharing feature for project 2', '2025-05-21', '2025-06-27', 'SIT', 2),
(27, 'Order Tracking', 'Order Tracking feature for project 2', '2025-05-21', '2025-06-24', 'SIT', 2),
(28, 'Customer Loyalty System', 'Customer Loyalty System feature for project 2', '2025-05-21', '2025-07-04', 'IMPLEMENTING', 2),
(29, 'A/B Testing Infra', 'A/B Testing Infra feature for project 2', '2025-05-21', '2025-06-11', 'READY_FOR_DEV', 2),
(30, 'Discount Rule Engine', 'Discount Rule Engine feature for project 2', '2025-05-21', '2025-07-03', 'IMPLEMENTING', 2);

-- Insert work items
INSERT INTO work_item (id, title, description, start_date, end_date, type, project_id, sprint_id, epic_id) VALUES
(1, 'Task 1', 'Do Task 1', '2025-05-26', '2025-05-31', 'TASK', 1, 1, 1),
(2, 'Task 2', 'Do Task 2', '2025-05-24', '2025-05-29', 'STORY', 1, 5, 1),
(3, 'Task 3', 'Do Task 3', '2025-05-22', '2025-05-25', 'TASK', 1, 5, 1),
(4, 'Task 4', 'Do Task 4', '2025-05-22', '2025-05-27', 'TASK', 1, 2, 2),
(5, 'Task 5', 'Do Task 5', '2025-05-24', '2025-05-26', 'BUG', 1, 4, 2),
(6, 'Task 6', 'Do Task 6', '2025-05-29', '2025-06-02', 'BUG', 1, 4, 2),
(7, 'Task 7', 'Do Task 7', '2025-05-23', '2025-05-25', 'STORY', 1, 3, 2),
(8, 'Task 8', 'Do Task 8', '2025-05-27', '2025-06-01', 'TASK', 1, 7, 3),
(9, 'Task 9', 'Do Task 9', '2025-05-25', '2025-05-29', 'STORY', 1, 7, 3),
(10, 'Task 10', 'Do Task 10', '2025-05-23', '2025-05-25', 'BUG', 1, 2, 3),
(11, 'Task 11', 'Do Task 11', '2025-05-24', '2025-05-28', 'STORY', 1, 4, 4),
(12, 'Task 12', 'Do Task 12', '2025-05-30', '2025-06-03', 'BUG', 1, 6, 4),
(13, 'Task 13', 'Do Task 13', '2025-05-29', '2025-06-03', 'TASK', 1, 2, 4),
(14, 'Task 14', 'Do Task 14', '2025-05-28', '2025-06-01', 'BUG', 1, 1, 5),
(15, 'Task 15', 'Do Task 15', '2025-05-31', '2025-06-02', 'STORY', 1, 5, 5),
(16, 'Task 16', 'Do Task 16', '2025-05-25', '2025-05-27', 'BUG', 1, 1, 5),
(17, 'Task 17', 'Do Task 17', '2025-05-30', '2025-06-04', 'BUG', 1, 7, 5),
(18, 'Task 18', 'Do Task 18', '2025-05-30', '2025-06-03', 'STORY', 1, 5, 5),
(19, 'Task 19', 'Do Task 19', '2025-05-23', '2025-05-27', 'STORY', 1, 1, 6),
(20, 'Task 20', 'Do Task 20', '2025-05-30', '2025-06-02', 'TASK', 1, 4, 6),
(21, 'Task 21', 'Do Task 21', '2025-05-30', '2025-06-03', 'BUG', 1, 4, 6),
(22, 'Task 22', 'Do Task 22', '2025-05-22', '2025-05-27', 'TASK', 1, 5, 6),
(23, 'Task 23', 'Do Task 23', '2025-05-26', '2025-05-31', 'TASK', 1, 1, 7),
(24, 'Task 24', 'Do Task 24', '2025-05-27', '2025-06-01', 'STORY', 1, 7, 7),
(25, 'Task 25', 'Do Task 25', '2025-05-27', '2025-05-30', 'BUG', 1, 1, 7),
(26, 'Task 26', 'Do Task 26', '2025-05-28', '2025-06-01', 'TASK', 1, 7, 7),
(27, 'Task 27', 'Do Task 27', '2025-05-30', '2025-06-03', 'TASK', 1, 7, 8),
(28, 'Task 28', 'Do Task 28', '2025-05-27', '2025-05-30', 'BUG', 1, 7, 8),
(29, 'Task 29', 'Do Task 29', '2025-05-31', '2025-06-03', 'TASK', 1, 2, 8),
(30, 'Task 30', 'Do Task 30', '2025-05-30', '2025-06-04', 'STORY', 1, 2, 9),
(31, 'Task 31', 'Do Task 31', '2025-05-27', '2025-05-31', 'STORY', 1, 4, 9),
(32, 'Task 32', 'Do Task 32', '2025-05-28', '2025-05-30', 'BUG', 1, 2, 9),
(33, 'Task 33', 'Do Task 33', '2025-05-30', '2025-06-03', 'STORY', 1, 2, 10),
(34, 'Task 34', 'Do Task 34', '2025-05-23', '2025-05-26', 'STORY', 1, 6, 10),
(35, 'Task 35', 'Do Task 35', '2025-05-27', '2025-05-29', 'TASK', 1, 7, 10),
(36, 'Task 36', 'Do Task 36', '2025-05-27', '2025-05-29', 'STORY', 1, 5, 10),
(37, 'Task 37', 'Do Task 37', '2025-05-23', '2025-05-27', 'TASK', 1, 5, 11),
(38, 'Task 38', 'Do Task 38', '2025-05-23', '2025-05-28', 'BUG', 1, 7, 11),
(39, 'Task 39', 'Do Task 39', '2025-05-27', '2025-05-29', 'BUG', 1, 2, 11),
(40, 'Task 40', 'Do Task 40', '2025-05-25', '2025-05-28', 'STORY', 1, 3, 11),
(41, 'Task 41', 'Do Task 41', '2025-05-23', '2025-05-27', 'TASK', 1, 3, 11),
(42, 'Task 42', 'Do Task 42', '2025-05-27', '2025-06-01', 'BUG', 1, 5, 12),
(43, 'Task 43', 'Do Task 43', '2025-05-22', '2025-05-27', 'STORY', 1, 6, 12),
(44, 'Task 44', 'Do Task 44', '2025-05-25', '2025-05-30', 'TASK', 1, 3, 12),
(45, 'Task 45', 'Do Task 45', '2025-05-27', '2025-05-29', 'BUG', 1, 6, 12),
(46, 'Task 46', 'Do Task 46', '2025-05-24', '2025-05-29', 'STORY', 1, 1, 13),
(47, 'Task 47', 'Do Task 47', '2025-05-23', '2025-05-27', 'STORY', 1, 5, 13),
(48, 'Task 48', 'Do Task 48', '2025-05-31', '2025-06-04', 'TASK', 1, 3, 13),
(49, 'Task 49', 'Do Task 49', '2025-05-22', '2025-05-25', 'STORY', 1, 4, 13),
(50, 'Task 50', 'Do Task 50', '2025-05-31', '2025-06-04', 'BUG', 1, 1, 13),
(51, 'Task 51', 'Do Task 51', '2025-05-29', '2025-06-03', 'TASK', 1, 4, 14),
(52, 'Task 52', 'Do Task 52', '2025-05-31', '2025-06-04', 'TASK', 1, 1, 14),
(53, 'Task 53', 'Do Task 53', '2025-05-30', '2025-06-03', 'STORY', 1, 2, 14),
(54, 'Task 54', 'Do Task 54', '2025-05-23', '2025-05-28', 'TASK', 1, 6, 15),
(55, 'Task 55', 'Do Task 55', '2025-05-25', '2025-05-28', 'TASK', 1, 6, 15),
(56, 'Task 56', 'Do Task 56', '2025-05-26', '2025-05-29', 'STORY', 1, 5, 15),
(57, 'Task 57', 'Do Task 57', '2025-05-30', '2025-06-01', 'STORY', 2, 12, 16),
(58, 'Task 58', 'Do Task 58', '2025-05-26', '2025-05-29', 'TASK', 2, 11, 16),
(59, 'Task 59', 'Do Task 59', '2025-05-30', '2025-06-01', 'BUG', 2, 8, 16),
(60, 'Task 60', 'Do Task 60', '2025-05-31', '2025-06-03', 'STORY', 2, 10, 17),
(61, 'Task 61', 'Do Task 61', '2025-05-26', '2025-05-29', 'BUG', 2, 9, 17),
(62, 'Task 62', 'Do Task 62', '2025-05-29', '2025-06-03', 'BUG', 2, 9, 17),
(63, 'Task 63', 'Do Task 63', '2025-05-24', '2025-05-26', 'TASK', 2, 12, 18),
(64, 'Task 64', 'Do Task 64', '2025-05-30', '2025-06-01', 'TASK', 2, 8, 18),
(65, 'Task 65', 'Do Task 65', '2025-05-24', '2025-05-29', 'BUG', 2, 14, 18),
(66, 'Task 66', 'Do Task 66', '2025-05-27', '2025-05-31', 'BUG', 2, 9, 18),
(67, 'Task 67', 'Do Task 67', '2025-05-26', '2025-05-31', 'TASK', 2, 13, 19),
(68, 'Task 68', 'Do Task 68', '2025-05-25', '2025-05-27', 'BUG', 2, 11, 19),
(69, 'Task 69', 'Do Task 69', '2025-05-25', '2025-05-29', 'TASK', 2, 14, 19),
(70, 'Task 70', 'Do Task 70', '2025-05-25', '2025-05-29', 'TASK', 2, 9, 20),
(71, 'Task 71', 'Do Task 71', '2025-05-25', '2025-05-28', 'STORY', 2, 13, 20),
(72, 'Task 72', 'Do Task 72', '2025-05-30', '2025-06-03', 'STORY', 2, 12, 20),
(73, 'Task 73', 'Do Task 73', '2025-05-23', '2025-05-26', 'TASK', 2, 14, 20),
(74, 'Task 74', 'Do Task 74', '2025-05-30', '2025-06-01', 'STORY', 2, 12, 21),
(75, 'Task 75', 'Do Task 75', '2025-05-30', '2025-06-04', 'TASK', 2, 12, 21),
(76, 'Task 76', 'Do Task 76', '2025-05-30', '2025-06-01', 'STORY', 2, 10, 21),
(77, 'Task 77', 'Do Task 77', '2025-05-26', '2025-05-31', 'STORY', 2, 10, 21),
(78, 'Task 78', 'Do Task 78', '2025-05-24', '2025-05-29', 'TASK', 2, 12, 21),
(79, 'Task 79', 'Do Task 79', '2025-05-22', '2025-05-26', 'BUG', 2, 10, 22),
(80, 'Task 80', 'Do Task 80', '2025-05-22', '2025-05-26', 'BUG', 2, 10, 22),
(81, 'Task 81', 'Do Task 81', '2025-05-28', '2025-06-01', 'STORY', 2, 12, 22),
(82, 'Task 82', 'Do Task 82', '2025-05-27', '2025-06-01', 'TASK', 2, 8, 22),
(83, 'Task 83', 'Do Task 83', '2025-05-22', '2025-05-25', 'BUG', 2, 13, 23),
(84, 'Task 84', 'Do Task 84', '2025-05-28', '2025-05-31', 'STORY', 2, 14, 23),
(85, 'Task 85', 'Do Task 85', '2025-05-24', '2025-05-27', 'TASK', 2, 11, 23),
(86, 'Task 86', 'Do Task 86', '2025-05-27', '2025-05-30', 'TASK', 2, 8, 24),
(87, 'Task 87', 'Do Task 87', '2025-05-25', '2025-05-27', 'BUG', 2, 9, 24),
(88, 'Task 88', 'Do Task 88', '2025-05-27', '2025-05-31', 'BUG', 2, 9, 24),
(89, 'Task 89', 'Do Task 89', '2025-05-28', '2025-05-30', 'BUG', 2, 14, 24),
(90, 'Task 90', 'Do Task 90', '2025-05-22', '2025-05-26', 'BUG', 2, 8, 24),
(91, 'Task 91', 'Do Task 91', '2025-05-24', '2025-05-28', 'STORY', 2, 11, 25),
(92, 'Task 92', 'Do Task 92', '2025-05-24', '2025-05-26', 'TASK', 2, 10, 25),
(93, 'Task 93', 'Do Task 93', '2025-05-26', '2025-05-28', 'STORY', 2, 12, 25),
(94, 'Task 94', 'Do Task 94', '2025-05-26', '2025-05-29', 'TASK', 2, 13, 26),
(95, 'Task 95', 'Do Task 95', '2025-05-26', '2025-05-30', 'BUG', 2, 12, 26),
(96, 'Task 96', 'Do Task 96', '2025-05-26', '2025-05-30', 'TASK', 2, 10, 26),
(97, 'Task 97', 'Do Task 97', '2025-05-29', '2025-06-01', 'BUG', 2, 8, 26),
(98, 'Task 98', 'Do Task 98', '2025-05-22', '2025-05-27', 'TASK', 2, 13, 26),
(99, 'Task 99', 'Do Task 99', '2025-05-29', '2025-06-03', 'TASK', 2, 10, 27),
(100, 'Task 100', 'Do Task 100', '2025-05-27', '2025-05-29', 'BUG', 2, 10, 27),
(101, 'Task 101', 'Do Task 101', '2025-05-24', '2025-05-29', 'STORY', 2, 11, 27),
(102, 'Task 102', 'Do Task 102', '2025-05-24', '2025-05-26', 'STORY', 2, 11, 27),
(103, 'Task 103', 'Do Task 103', '2025-05-24', '2025-05-26', 'STORY', 2, 8, 27),
(104, 'Task 104', 'Do Task 104', '2025-05-22', '2025-05-25', 'TASK', 2, 8, 28),
(105, 'Task 105', 'Do Task 105', '2025-05-22', '2025-05-27', 'STORY', 2, 12, 28),
(106, 'Task 106', 'Do Task 106', '2025-05-23', '2025-05-28', 'TASK', 2, 8, 28),
(107, 'Task 107', 'Do Task 107', '2025-05-27', '2025-05-30', 'TASK', 2, 9, 28),
(108, 'Task 108', 'Do Task 108', '2025-05-24', '2025-05-28', 'BUG', 2, 14, 29),
(109, 'Task 109', 'Do Task 109', '2025-05-24', '2025-05-29', 'TASK', 2, 14, 29),
(110, 'Task 110', 'Do Task 110', '2025-05-27', '2025-05-30', 'TASK', 2, 14, 29),
(111, 'Task 111', 'Do Task 111', '2025-05-23', '2025-05-26', 'TASK', 2, 13, 30),
(112, 'Task 112', 'Do Task 112', '2025-05-29', '2025-05-31', 'STORY', 2, 8, 30),
(113, 'Task 113', 'Do Task 113', '2025-05-30', '2025-06-01', 'BUG', 2, 10, 30),
(114, 'Task 114', 'Do Task 114', '2025-05-23', '2025-05-26', 'TASK', 2, 12, 30),
(115, 'Task 115', 'Do Task 115', '2025-05-22', '2025-05-25', 'BUG', 2, 10, 30);

-- Insert costs
INSERT INTO cost (id, name, amount, epic_id, work_item_id) VALUES
(1, 'DB Backup', 595, 1, 83),
(2, 'DB Backup', 108, 1, 84),
(3, 'DB Backup', 413, 2, 51),
(4, 'DB Backup', 869, 2, 32),
(5, 'AWS EC2', 336, 3, 104),
(6, 'VPN Access', 529, 3, 98),
(7, 'AWS EC2', 926, 4, 21),
(8, 'DB Backup', 175, 4, 46),
(9, 'AWS EC2', 278, 5, 46),
(10, 'DB Backup', 991, 5, 14),
(11, 'VPN Access', 884, 6, 7),
(12, 'AWS EC2', 457, 6, 104),
(13, 'DB Backup', 889, 7, 30),
(14, 'DB Backup', 568, 7, 71),
(15, 'VPN Access', 471, 8, 22),
(16, 'DB Backup', 226, 8, 30),
(17, 'GCP Compute', 893, 9, 57),
(18, 'VPN Access', 375, 9, 28),
(19, 'VPN Access', 283, 10, 35),
(20, 'DB Backup', 479, 10, 61),
(21, 'GCP Compute', 300, 11, 19),
(22, 'Azure Blob', 858, 11, 85),
(23, 'GCP Compute', 993, 12, 44),
(24, 'DB Backup', 981, 12, 28),
(25, 'AWS EC2', 619, 13, 2),
(26, 'VPN Access', 524, 13, 113),
(27, 'VPN Access', 636, 14, 63),
(28, 'Azure Blob', 978, 14, 99),
(29, 'VPN Access', 652, 15, 106),
(30, 'VPN Access', 469, 15, 47),
(31, 'AWS EC2', 686, 16, 94),
(32, 'VPN Access', 871, 16, 87),
(33, 'GCP Compute', 932, 17, 13),
(34, 'VPN Access', 744, 17, 40),
(35, 'VPN Access', 580, 18, 18),
(36, 'DB Backup', 791, 18, 35),
(37, 'GCP Compute', 938, 19, 69),
(38, 'DB Backup', 364, 19, 111),
(39, 'DB Backup', 244, 20, 72),
(40, 'AWS EC2', 138, 20, 49),
(41, 'GCP Compute', 826, 21, 51),
(42, 'AWS EC2', 605, 21, 112),
(43, 'AWS EC2', 703, 22, 20),
(44, 'GCP Compute', 460, 22, 74),
(45, 'DB Backup', 418, 23, 114),
(46, 'DB Backup', 363, 23, 48),
(47, 'VPN Access', 843, 24, 73),
(48, 'GCP Compute', 712, 24, 71),
(49, 'DB Backup', 738, 25, 93),
(50, 'Azure Blob', 906, 25, 71),
(51, 'GCP Compute', 662, 26, 115),
(52, 'AWS EC2', 931, 26, 79),
(53, 'DB Backup', 160, 27, 7),
(54, 'Azure Blob', 216, 27, 113),
(55, 'AWS EC2', 455, 28, 78),
(56, 'DB Backup', 914, 28, 60),
(57, 'AWS EC2', 735, 29, 71),
(58, 'DB Backup', 681, 29, 59),
(59, 'GCP Compute', 727, 30, 36),
(60, 'GCP Compute', 990, 30, 74);

-- Insert epic_assignees
INSERT INTO epic_assignees (epic_id, person_id) VALUES
(1, 14),
(1, 16),
(2, 4),
(2, 1),
(3, 16),
(3, 3),
(4, 11),
(4, 14),
(5, 2),
(5, 5),
(6, 1),
(6, 8),
(7, 12),
(7, 9),
(8, 6),
(8, 16),
(9, 12),
(9, 17),
(10, 1),
(10, 9),
(11, 20),
(11, 2),
(12, 1),
(12, 5),
(13, 4),
(13, 13),
(14, 1),
(14, 16),
(15, 12),
(15, 11),
(16, 9),
(16, 2),
(17, 11),
(17, 16),
(18, 5),
(18, 12),
(19, 16),
(19, 15),
(20, 18),
(20, 5),
(21, 12),
(21, 16),
(22, 16),
(22, 19),
(23, 18),
(23, 8),
(24, 16),
(24, 18),
(25, 2),
(25, 20),
(26, 19),
(26, 14),
(27, 8),
(27, 11),
(28, 11),
(28, 20),
(29, 16),
(29, 2),
(30, 18),
(30, 14);

-- Insert epic_dependencies
INSERT INTO epic_dependencies (epic_id, dependent_epic_id) VALUES
(2, 1),
(3, 2),
(4, 3),
(6, 5),
(7, 6),
(9, 8),
(11, 10),
(13, 12),
(17, 16),
(18, 17),
(21, 20),
(22, 21),
(27, 26);

-- Insert work_item_assignees
INSERT INTO work_item_assignees (work_item_id, person_id) VALUES
(1, 16),
(1, 18),
(2, 13),
(2, 19),
(3, 16),
(3, 6),
(4, 16),
(5, 7),
(5, 1),
(6, 19),
(6, 16),
(7, 18),
(8, 19),
(8, 11),
(9, 16),
(10, 20),
(10, 9),
(11, 10),
(11, 12),
(12, 12),
(12, 11),
(13, 4),
(13, 5),
(14, 11),
(14, 20),
(15, 15),
(15, 9),
(16, 7),
(17, 2),
(18, 6),
(19, 16),
(19, 10),
(20, 8),
(20, 15),
(21, 13),
(22, 17),
(22, 18),
(23, 13),
(24, 1),
(24, 8),
(25, 4),
(25, 15),
(26, 17),
(26, 14),
(27, 19),
(28, 20),
(29, 3),
(29, 20),
(30, 9),
(31, 15),
(32, 17),
(33, 2),
(34, 13),
(35, 8),
(35, 13),
(36, 1),
(36, 13),
(37, 8),
(37, 14),
(38, 7),
(38, 16),
(39, 1),
(39, 16),
(40, 1),
(41, 20),
(41, 1),
(42, 2),
(42, 8),
(43, 11),
(43, 8),
(44, 9),
(44, 3),
(45, 2),
(45, 16),
(46, 18),
(47, 17),
(47, 12),
(48, 5),
(49, 13),
(50, 13),
(51, 18),
(52, 12),
(53, 12),
(54, 16),
(55, 9),
(56, 8),
(56, 7),
(57, 9),
(58, 17),
(58, 18),
(59, 18),
(59, 6),
(60, 17),
(60, 5),
(61, 7),
(62, 16),
(63, 4),
(63, 17),
(64, 13),
(65, 13),
(65, 4),
(66, 2),
(67, 19),
(67, 12),
(68, 4),
(68, 7),
(69, 20),
(70, 3),
(70, 2),
(71, 6),
(72, 12),
(72, 9),
(73, 10),
(73, 11),
(74, 11),
(74, 2),
(75, 10),
(76, 10),
(77, 19),
(78, 1),
(79, 6),
(79, 3),
(80, 11),
(81, 5),
(82, 1),
(83, 17),
(83, 10),
(84, 4),
(84, 19),
(85, 15),
(86, 1),
(86, 8),
(87, 7),
(87, 1),
(88, 5),
(89, 5),
(90, 1),
(91, 5),
(92, 9),
(92, 10),
(93, 13),
(94, 12),
(95, 9),
(95, 12),
(96, 9),
(97, 17),
(98, 11),
(99, 14),
(99, 3),
(100, 16),
(101, 11),
(101, 18),
(102, 12),
(103, 16),
(104, 7),
(104, 5),
(105, 2),
(105, 18),
(106, 11),
(107, 6),
(108, 13),
(109, 12),
(110, 8),
(111, 4),
(112, 10),
(113, 17),
(114, 12),
(115, 4),
(115, 3);

-- Insert work_item_dependencies
INSERT INTO work_item_dependencies (work_item_id, dependent_work_item_id) VALUES
(2, 1),
(3, 2),
(5, 4),
(8, 7),
(9, 8),
(11, 10),
(14, 13),
(15, 14),
(17, 16),
(18, 17),
(23, 22),
(24, 23),
(25, 24),
(26, 25),
(29, 28),
(30, 29),
(31, 30),
(34, 33),
(35, 34),
(36, 35),
(38, 37),
(39, 38),
(50, 49),
(53, 52),
(55, 54),
(60, 59),
(66, 65),
(67, 66),
(71, 70),
(76, 75),
(78, 77),
(80, 79),
(85, 84),
(97, 96),
(98, 97),
(99, 98),
(102, 101),
(105, 104),
(110, 109);

-- Insert person_epic_hours
INSERT INTO person_epic_hours (person_id, epic_id, hours) VALUES
(14, 1, 22.0),
(16, 1, 13.6),
(4, 2, 21.2),
(1, 2, 29.1),
(16, 3, 13.2),
(3, 3, 10.3),
(11, 4, 26.0),
(14, 4, 22.1),
(2, 5, 28.4),
(5, 5, 23.5),
(1, 6, 11.2),
(8, 6, 25.5),
(12, 7, 18.2),
(9, 7, 10.4),
(6, 8, 22.7),
(16, 8, 28.5),
(12, 9, 17.4),
(17, 9, 28.6),
(1, 10, 11.1),
(9, 10, 26.9),
(20, 11, 23.4),
(2, 11, 28.4),
(1, 12, 22.4),
(5, 12, 13.9),
(4, 13, 27.0),
(13, 13, 27.4),
(1, 14, 28.6),
(16, 14, 26.1),
(12, 15, 24.7),
(11, 15, 25.4),
(9, 16, 18.4),
(2, 16, 27.9),
(11, 17, 28.9),
(16, 17, 13.0),
(5, 18, 18.8),
(12, 18, 15.2),
(16, 19, 20.3),
(15, 19, 23.7),
(18, 20, 17.9),
(5, 20, 20.0),
(12, 21, 27.6),
(16, 21, 10.7),
(16, 22, 24.7),
(19, 22, 23.2),
(18, 23, 22.3),
(8, 23, 26.7),
(16, 24, 24.7),
(18, 24, 12.6),
(2, 25, 10.2),
(20, 25, 20.3),
(19, 26, 27.7),
(14, 26, 26.8),
(8, 27, 23.8),
(11, 27, 24.0),
(11, 28, 23.7),
(20, 28, 25.7),
(16, 29, 19.0),
(2, 29, 15.5),
(18, 30, 14.5),
(14, 30, 18.7);

-- Insert person_work_item_hours
INSERT INTO person_work_item_hours (person_id, work_item_id, hours) VALUES
(16, 1, 3.0),
(18, 1, 9.9),
(13, 2, 5.4),
(19, 2, 4.6),
(16, 3, 9.3),
(6, 3, 6.7),
(16, 4, 7.6),
(7, 5, 6.1),
(1, 5, 8.1),
(19, 6, 4.6),
(16, 6, 6.1),
(18, 7, 8.2),
(19, 8, 5.8),
(11, 8, 7.5),
(16, 9, 5.6),
(20, 10, 2.8),
(9, 10, 8.3),
(10, 11, 8.1),
(12, 11, 4.0),
(12, 12, 7.7),
(11, 12, 7.9),
(4, 13, 3.8),
(5, 13, 4.5),
(11, 14, 8.4),
(20, 14, 2.1),
(15, 15, 6.0),
(9, 15, 2.0),
(7, 16, 2.7),
(2, 17, 5.7),
(6, 18, 2.7),
(16, 19, 9.7),
(10, 19, 7.4),
(8, 20, 4.7),
(15, 20, 3.6),
(13, 21, 6.3),
(17, 22, 6.9),
(18, 22, 8.5),
(13, 23, 9.3),
(1, 24, 8.8),
(8, 24, 6.7),
(4, 25, 8.6),
(15, 25, 5.3),
(17, 26, 2.7),
(14, 26, 6.4),
(19, 27, 4.5),
(20, 28, 2.1),
(3, 29, 7.3),
(20, 29, 4.0),
(9, 30, 9.5),
(15, 31, 7.9),
(17, 32, 8.5),
(2, 33, 9.6),
(13, 34, 6.1),
(8, 35, 9.6),
(13, 35, 5.4),
(1, 36, 3.2),
(13, 36, 6.4),
(8, 37, 6.6),
(14, 37, 8.6),
(7, 38, 3.9),
(16, 38, 3.8),
(1, 39, 5.8),
(16, 39, 3.2),
(1, 40, 5.4),
(20, 41, 8.7),
(1, 41, 9.9),
(2, 42, 9.5),
(8, 42, 6.3),
(11, 43, 7.8),
(8, 43, 2.8),
(9, 44, 3.9),
(3, 44, 9.4),
(2, 45, 6.1),
(16, 45, 5.2),
(18, 46, 8.8),
(17, 47, 9.9),
(12, 47, 7.4),
(5, 48, 5.5),
(13, 49, 5.4),
(13, 50, 5.6),
(18, 51, 5.2),
(12, 52, 7.6),
(12, 53, 3.4),
(16, 54, 9.2),
(9, 55, 7.5),
(8, 56, 4.3),
(7, 56, 8.3),
(9, 57, 5.8),
(17, 58, 5.6),
(18, 58, 9.8),
(18, 59, 2.6),
(6, 59, 3.3),
(17, 60, 3.9),
(5, 60, 8.7),
(7, 61, 6.9),
(16, 62, 4.2),
(4, 63, 9.6),
(17, 63, 6.0),
(13, 64, 5.6),
(13, 65, 9.7),
(4, 65, 3.8),
(2, 66, 5.7),
(19, 67, 8.7),
(12, 67, 2.9),
(4, 68, 5.1),
(7, 68, 2.9),
(20, 69, 9.4),
(3, 70, 2.7),
(2, 70, 7.0),
(6, 71, 9.3),
(12, 72, 3.6),
(9, 72, 9.0),
(10, 73, 7.8),
(11, 73, 9.6),
(11, 74, 3.3),
(2, 74, 2.3),
(10, 75, 2.7),
(10, 76, 7.2),
(19, 77, 3.4),
(1, 78, 5.9),
(6, 79, 8.0),
(3, 79, 7.1),
(11, 80, 8.5),
(5, 81, 2.7),
(1, 82, 2.0),
(17, 83, 4.7),
(10, 83, 7.0),
(4, 84, 6.9),
(19, 84, 9.8),
(15, 85, 4.2),
(1, 86, 3.7),
(8, 86, 4.8),
(7, 87, 2.1),
(1, 87, 7.7),
(5, 88, 2.5),
(5, 89, 2.3),
(1, 90, 4.4),
(5, 91, 9.0),
(9, 92, 8.3),
(10, 92, 4.5),
(13, 93, 5.0),
(12, 94, 3.0),
(9, 95, 5.7),
(12, 95, 4.2),
(9, 96, 4.2),
(17, 97, 2.4),
(11, 98, 6.4),
(14, 99, 4.5),
(3, 99, 2.0),
(16, 100, 4.0),
(11, 101, 9.8),
(18, 101, 8.2),
(12, 102, 5.0),
(16, 103, 4.7),
(7, 104, 9.1),
(5, 104, 6.1),
(2, 105, 2.8),
(18, 105, 9.2),
(11, 106, 2.6),
(6, 107, 8.3),
(13, 108, 6.3),
(12, 109, 3.7),
(8, 110, 9.6),
(4, 111, 5.6),
(10, 112, 7.9),
(17, 113, 9.3),
(12, 114, 6.1),
(4, 115, 4.4),
(3, 115, 5.7);
